index,text
Dindex,['text']
D0,"['100', 'best', 'places', 'visit', 'usa', 'valley', 'fire', 'state', 'park', 'nv', '4qmoeho', 'https', 'co', '5lxzqsjsza', 'bassino', 'kanyewest', 'childhood', 'kystateparks', 'young', 'wato', 'defense', 'southernontario', 'nativeamerican', 'patriots', 'atthebiga', 'https', 'co', 'e3gds1ruoh']"
D1,"['agree', 'ye', 'point', 'kanyewest', 'ye2024', 'joebiden']"
D2,"['2022', '12', '19t10', '00', '04', '5267368z', '50', 'get', 'https', 'co', 'bqd5jbswpk', 'gamergirl', 'videogame', 'gamer', 'gaming', 'retrogame', 'kanyewest', 'kimkardashian', 'justinbieber']"
D3,"['kanyewest', 'suck', 'diÃáck']"
D4,"['50', 'get', 'https', 'co', 'gugpbkeeof', 'gamergirl', 'videogame', 'gamer', 'gaming', 'retrogame', 'kanyewest', 'kimkardashian', 'justinbieber', 'december', '19', '2022', '04', '29pm']"
D5,"['ye', 'recognised', 'original', 'jew', 'hate', 'self', 'elected', 'made', 'jews', 'chosen', 'one', 'ha', 'ha', 'deluded', 'ye', 'kanyewest', 'jewishmafia', 'antichristianity', 'jews', 'deluded']"
D6,"['kanye', 'nothing', 'wrong', 'hitler', 'ye', 'kanyewest']"
D7,"['50', 'get', 'https', 'co', 'gugpbkeeof', 'gamergirl', 'videogame', 'gamer', 'gaming', 'retrogame', 'kanyewest', 'kimkardashian', 'justinbieber', 'december', '19', '2022', '03', '29pm']"
D8,"['playing', 'bobby', 'brown', 'rock', 'wit', 'cha', 'listen', 'https', 'co', 'lwzld4y7sj', 'sister', 'rita', 'x', 'show', 'airs', 'daily', '4pm', 'pst', '6pm', 'pst', 'https', 'co', 'ws56iygoom', 'chicago', 'kanyewest', 'atl', 'lasvegas', 'buffalo', 'pt', 'ghana', 'france', 'nm', 'dublin', 'kenya', 'ye', 'radiostation']"
D9,"['kanyewest', 'one', 'top', '3', 'favorite', 'rappers', 'listen', 'verse', 'runthistown']"
D10,"['elonmusk', 'shot', 'foot', 'musk', 'needed', 'stop', 'micro', 'managing', 'stop', 'twitter', 'nanny', 'free', 'speech', 'absolutist', 'instead', 'suspended', 'father', 'information', 'culture', 'war', 'alexjones', 'suspended', 'artist', 'visionary', 'kanyewest', 'suspended', 'journalists', 'shadow', 'banned', 'tsk', 'tsk', 'smh']"
D11,"['100', 'best', 'places', 'visit', 'usa', 'san', 'antonio', 'missions', 'national', 'historical', 'park', 'tx', 'wn4gnjx', 'https', 'co', 'clq3cjmlbe', 'murder', 'birth', 'cardiffcity', 'girlstennis', 'youngsville', 'waynesboro', 'leeds', 'infinity', 'kanyewest', 'got7', 'millbay', 'jcmo', 'surveillance', 'https', 'co', '8uct35fd72']"
D12,"['sister', 'rita', 'x', 'show', 'airs', 'daily', '4pm', 'pst', '6pm', 'pst', 'https', 'co', 'ws56iygoom', 'chicago', 'kanyewest', 'atl', 'lasvegas', 'buffalo', 'pt', 'ghana', 'france', 'nm', 'dublin', 'kenya', 'ye', 'radiostation']"
D13,"['repent', 'ye', 'british', 'studio', 'helps', 'ex', 'fans', 'kanyewest', 'get', 'rid', 'tattoos', 'https', 'co', 'yox6makzvn']"
D14,"['playing', 'wham', 'everything', 'wants', 'listen', 'https', 'co', 'lwzld4y7sj', 'sister', 'rita', 'x', 'show', 'airs', 'daily', '4pm', 'pst', '6pm', 'pst', 'https', 'co', 'ws56iygoom', 'chicago', 'kanyewest', 'atl', 'lasvegas', 'buffalo', 'pt', 'ghana', 'france', 'nm', 'dublin', 'kenya', 'ye', 'radiostation']"
D15,"['bishop', 'un', 'chained', 'like', 'share', 'amp', 'subscribe', 'iuic', 'oklahoma', 'youtube', 'oklahomacity', 'kanye', 'ye', 'jew', 'jewish', 'antisemitic', 'antisemetism', 'instagram', 'explore', 'kanyewest', 'youtube', 'christ', 'christianity', 'deuteronomy28', 'redmedia', 'https', 'co', '4fdicn4g6c']"
D16,"['fuck', 'kanyewest', 'gt', 'happy', 'first', 'day', 'hanukkah', 'heres', 'cookie', 'made', 'https', 'co', 'bqpueqwnb6']"
D17,"['2022', '12', '19t07', '00', '12', '4386912z', '50', 'get', 'https', 'co', 'ptbw0kjew3', 'gamergirl', 'videogame', 'gamer', 'gaming', 'retrogame', 'kanyewest', 'kimkardashian', 'justinbieber']"
D18,"['hear', 'voice', 'ancestors', 'muhammadali', 'kyrieirving', 'kanyewest', 'https', 'co', 'br97ckkbkx', 'via', 'youtube', 'ali', 'hitting', 'ws', 'fists', 'truth', 'amp', 'logic']"
D19,"['ytshorts', 'latest', 'live', 'show', 'full', 'show', 'https', 'co', 'werf6cyb01', 'mark', 'jason', 'discuss', 'everybody', 'gets', 'wrong', 'kanyewest', 'kanyeisright', 'kanye', 'kanyeisanazi', 'ye', 'https', 'co', 'f31olqg7mm']"
D20,"['kanyewest', 'hope', 'say', 'happy', 'hanukkah', 'bless', 'ye']"
D21,"['keep', 'commandments', 'stop', 'sinning', 'visit', 'website', 'https', 'co', 'hrymxnvom4', 'iuic', 'iuicphoenix', 'iuictv', 'stopsinningsunday', 'nbacentral', 'kyrieirving', 'theshaderoom', 'barclays', 'ye', 'kanyewest', 'jewish', 'jew', 'antisemitism', 'blacktwitter', 'https', 'co', '8rlat2okcp']"
D22,"['lindyli', 'wow', 'anti', 'semitism', 'islamophobia', 'one', 'tweet', 'obviously', 'agent', 'ccp', 'checking', 'china', 'latest', 'recruit', 'investment', 'joe', 'biden', 'making', 'sure', 'following', 'plan', 'elongoat', 'kanyewest', 'twintowerswereaninsidejob', 'https', 'co', 'cd8suilm8s']"
D23,"['diedsuddenly', 'elonmusk', 'elonmusk', 'indeed', 'kanyewest', 'right', 'https', 'co', 'kjhtpql0zv', 'need', 'continue', 'allowing', 'free', 'speech', 'also', 'consider', 'https', 'co', 'awpglngqja', 'facts', 'facts', 'nothing']"
D24,"['dove', 'style', 'care', 'curls', 'defining', 'mousse', 'soft', 'hold', '7', 'oz', 'pack', '3', 'oaznct5', 'https', 'co', 'ldait2i2ye', 'boston', 'chicken', 'scotch', 'govt', 'birding', 'fashion', 'amcbuzz', 'murder', 'smartwatch', 'preciousmetals', 'eth', 'mets', 'kanyewest', 'cam', 'https', 'co', 'byzysv6ocx']"
D25,"['friend', 'kanyewest', 'crazy', 'reject', 'narrative', 'wise']"
D26,"['2022', '12', '19t05', '00', '15', '0082651z', '50', 'get', 'https', 'co', 'biihvd6rft', 'gamergirl', 'videogame', 'gamer', 'gaming', 'retrogame', 'kanyewest', 'kimkardashian', 'justinbieber']"
D27,"['yes', 'kanyewest', 'paying', 'office', 'rent', 'however', 'also', 'moved', 'office', 'several', 'months', 'ago', 'really', 'care', 'evict', 'spillinjuices', 'https', 'co', 'nbfqk9f5k5']"
D28,"['masterpmiller', 'show', 'kanye', 'factory', 'always', 'products', 'needed', 'little', 'specifics', 'styles', 'designs', 'snoophoopz']"
D29,"['kanye', 'vs', 'world', 'https', 'co', 'pijiklukiq']"
D30,"['attacker', 'yells', 'kanye', '2024', 'antisemitic', 'assault', 'police', 'say', 'according', 'man', '2024', 'kanye', 'central', 'york', 'yells', 'nypd', 'adl', 'attacker', 'attack', 'say', 'park', 'antisemitic', 'hate', 'assault', 'https', 'co', 'vdaxd0yzcu', 'https', 'co', 'u5b7x41yle']"
D31,"['myspacetom', 'elonmusk', 'kanye', 'poised', 'take', 'controls']"
D32,"['maybe', 'legalize', 'drugs', 'people', 'taking', 'americans', 'stop', 'dying', 'messiìÉµ', 'drugs', 'fent', 'wiggers', 'warondrugs', 'waronwomen', 'mbappe', 'worldcupfinal', 'addictionrecovery', 'rehab', 'andrewtate', 'elon', 'trump', 'joe', 'britneygriner', 'tiktok', 'viral', 'nfts', 'crypto', 'letsgobrandon', 'kanye', 'https', 'co', 'xcpecwgqw8']"
D33,"['soccer', 'boring', 'football', 'cool', 'soccer', 'opiate', 'masses', 'socialismoesmiseria', 'usa', 'messiìÉµ', 'trumptraitorcards', 'westandwithshiffa', 'weloveayesha', 'poshmark', 'nftgiveaways', 'nftsales', 'priyankit', 'chinaprotests', 'chine', 'podcastandchill', 'magatears', 'kanye', 'nickcarter', 'topg']"
D34,"['kanye', 'right', 'day', 'twitter', 'n', 'see', 'jew', 'jew', 'pretty', 'sure', 'sim', 'religious', 'fucks', 'use', 'science', 'n', 'basically', 'medical', 'machine', 'hospitals', 'https', 'co', '9glggxosze']"
D35,"['feel', 'like', 'republicans', 'going', 'way', 'year', 'say', 'happyhanukkah', 'wonder', 'anything', 'kanye', 'maybe', 'noticing', 'kanye']"
D36,"['want', 'wish', 'kanye', 'happy', 'hanukkah', 'kanye', 'hanukkah', 'happyholidays']"
D37,"['arielhelwani', 'wont', 'ever', 'talk', 'apartheid', 'palestine', 'go', 'kanye', 'messi', 'ability', 'jewish', 'ppl', 'change', 'conversation', 'antisemitism', 'deflect', 'real', 'issues', 'dont', 'change', 'fact', 'goatìÉµ', 'mma', 'ufc', 'muslim', 'named', 'teamkhabib', 'worldcup', 'https', 'co', 'ntdlje4tax', 'https', 'co', '77kx5lhmt6']"
D38,"['keithedwards', 'nytimes', 'new', 'york', 'times', 'simply', 'honest', 'us', 'fact', 'antisemitic', 'would', 'make', 'kanye', 'blush']"
D39,"['want', 'see', 'people', 'like', 'kanye', 'completely', 'lose', 'mind', 'elonmusk', 'step', 'make', 'jaredkushner', 'ceo', 'twitter', 'together', 'recently', 'perhaps', 'talking', 'https', 'co', 'u15h5tyizf']"
D40,"['lol', 'people', 'kanye', 'west', 'tattoos', 'https', 'co', 'uqq1xicnox', 'kanye', 'kanyewest', 'ye', 'tattoo', 'tattoos', 'antisemitism', 'rap', 'hiphop']"
D41,"['decent', 'dark', 'ep', '11', 'decent', 'warzone', 'live', 'warzone', 'callofduty', 'mw2', 'podcast', 'newepisode', 'elon', 'kanye', 'twitch', 'youtube', 'twitter', 'decent', 'culture', 'council', 'trump', 'biden', 'tumblr', 'nfl', 'soccer', 'wef', 'twitterspaces', 'omegle', 'follow', 'like', 'subscribe', 'https', 'co', 'hc9yhanp2q']"
D42,"['decent', 'dark', 'ep', '11', 'decent', 'warzone', 'live', 'warzone', 'callofduty', 'mw2', 'podcast', 'newepisode', 'elon', 'kanye', 'twitch', 'youtube', 'twitter', 'decent', 'culture', 'council', 'trump', 'biden', 'tumblr', 'nfl', 'soccer', 'wef', 'twitterspaces', 'omegle', 'follow', 'like', 'subscribe', 'https', 'co', 'bmlhtfllus']"
D43,"['decent', 'dark', 'ep', '11', 'decent', 'warzone', 'live', 'warzone', 'callofduty', 'mw2', 'podcast', 'newepisode', 'elon', 'kanye', 'twitch', 'youtube', 'twitter', 'decent', 'culture', 'council', 'trump', 'biden', 'tumblr', 'nfl', 'soccer', 'wef', 'twitterspaces', 'omegle', 'follow', 'like', 'subscribe', 'https', 'co', '5oxqrui6f1']"
D44,"['decent', 'dark', 'ep', '11', 'decent', 'warzone', 'live', 'warzone', 'callofduty', 'mw2', 'podcast', 'newepisode', 'elon', 'kanye', 'twitch', 'youtube', 'twitter', 'decent', 'culture', 'council', 'trump', 'biden', 'tumblr', 'nfl', 'soccer', 'wef', 'twitterspaces', 'omegle', 'follow', 'like', 'subscribe', 'https', 'co', 'oq8ceejx7n']"
D45,"['therealoj32', 'asking', 'elonmusk', 'please', 'verfiy', 'twitter', 'right', 'fullsendpodcast', 'ojsimpson', 'elonmusk', 'kanye', 'kardashians', 'https', 'co', '3kuqbqemif']"
D46,"['rich', 'divorced', 'dads', 'midlife', 'crisis', 'control', 'public', 'communications', 'media', 'culture', 'etc', 'already', 'bought', 'fancy', 'car', 'company', 'shiny', 'toys', 'get', 'therapy', 'elon', 'twitter', 'tesla', 'kanye', 'divorceddads', 'midlifecrisis', 'wegetitbroyoumissher']"
D47,"['eyes', 'ye', 'kanyewest', 'teamkanyedaily', 'memelyxyz', 'kanye', 'elonmusk', 'viralvideo', 'kanyememe', 'memely', 'https', 'co', '8wk5ywinnw']"
D48,"['one', 'k4s', 'ent', 'hflmag', 'cover', 'feature', 'rezasarrafieh', 'memorable', 'moments', 'working', 'rocnation', 'lilnasx', 'snohalegrah', 'djkhaled', 'rnb', 'hiphop', 'rocnation', 'vicmensa', 'jcole', 'kanye', 'hflmag', 'https', 'co', 'hr63qxp0yj', 'https', 'co', '2wyka0sn2j']"
D49,"['elon', 'suspend', 'kanye']"
D50,"['since', 'learning', 'fascism', 'exist', 'even', 'hearts', 'black', 'americans', 'example', 'kanye', 'think', 'valid', 'question', 'anymore', 'nahceemah', 'https', 'co', '3yxtaxn3gy']"
D51,"['nahceemah', 'rosesknee25', 'jb', 'sc', 'logoffbrent', 'since', 'learning', 'fascism', 'exist', 'even', 'hearts', 'black', 'americans', 'example', 'kanye', 'think', 'valid', 'question', 'anymore', 'nahceemah']"
D52,"['elonmusk', 'veeeeery', 'introspective', 'almost', 'universally', 'applicable', 'elonmusk', 'repmtg', 'laurenboebert', 'realdonaldtrump', 'kanye']"
D53,"['mama', 'mailboo', 'repkatcammack', 'awe', 'bless', 'pathetic', 'antisemitic', 'kanye', 'ass', 'kissing', 'heart', 'favor', 'tonight', 'bc', 'going', 'us', 'tweets', 'remind', 'kat', 'kind', 'trash', 'simps', 'jew', 'hater', 'abhorrent', 'remains', 'silent']"
D54,"['half', 'black', 'half', 'jewish', 'person', 'thought', 'came', 'today', 'ye', 'billionaire', 'recent', 'statements', 'still', 'currently', 'far', 'wealthy', 'us', 'ever', 'jews', 'done', 'dirty', 'right', 'antisemitism', 'hebrew', 'kanye']"
D55,['kanye']
D56,"['see', 'wall', 'bounce', 'apex', 'apexlegends', 'apexmobile', 'twitter', 'america', 'media', 'memes', 'hockey', 'tmz', 'comedy', 'support', 'fomc', 'nft', 'meta', 'viral', 'trends', 'fifa', 'worldcup', 'podcast', 'funny', 'election', 'sale', 'national', 'kanye', 'holiday', 'deals', 'coin', 'happy', 'community', 'digital', 'https', 'co', 'iwwooakfhv']"
D57,"['lorafrimanee', 'put', 'kanye']"
D58,"['looking', 'truth', 'https', 'co', 'juo6x054nu', 'thenoticing', 'noticing', 'trump', 'elon', 'musk', 'donald', 'kanye', 'truth', 'redpill', 'facts', 'ye', 'https', 'co', '8glnskh5eb']"
D59,"['kareem', 'abdul', 'jabbar', 'retired', 'nba', '1989', 'remains', 'one', 'greatest', 'basketball', 'players', 'time', 'many', 'argue', 'simply', 'greatest', 'abduljabbar', 'antisemitism', 'kanye', 'kareem', 'kyrie', 'https', 'co', 'afaq2v303z', 'https', 'co', 'afaq2v303z']"
D60,"['culture', 'council', 'podcast', 'episode', '24', 'live', 'live', 'podcast', 'newepisode', 'elon', 'kanye', 'twitch', 'youtube', 'twitter', 'decent', 'culture', 'council', 'trump', 'biden', 'tumblr', 'nfl', 'soccer', 'wef', 'twitterspaces', 'omegle', 'follow', 'like', 'subscribe', 'https', 'co', 'bi0ykpxcln']"
D61,"['culture', 'council', 'podcast', 'episode', '24', 'live', 'live', 'podcast', 'newepisode', 'elon', 'kanye', 'twitch', 'youtube', 'twitter', 'decent', 'culture', 'council', 'trump', 'biden', 'tumblr', 'nfl', 'soccer', 'wef', 'twitterspaces', 'omegle', 'follow', 'like', 'subscribe', 'https', 'co', 'an6bye2wzv']"
D62,"['culture', 'council', 'podcast', 'episode', '24', 'live', 'live', 'podcast', 'newepisode', 'elon', 'kanye', 'twitch', 'youtube', 'twitter', 'decent', 'culture', 'council', 'trump', 'biden', 'tumblr', 'nfl', 'soccer', 'wef', 'twitterspaces', 'omegle', 'follow', 'like', 'subscribe', 'https', 'co', '4j1hckqklq']"
D63,"['culture', 'council', 'podcast', 'episode', '24', 'live', 'live', 'podcast', 'newepisode', 'elon', 'kanye', 'twitch', 'youtube', 'twitter', 'decent', 'culture', 'council', 'trump', 'biden', 'tumblr', 'nfl', 'soccer', 'wef', 'twitterspaces', 'omegle', 'follow', 'like', 'subscribe', 'https', 'co', 'f8ejf26dvz']"
D64,"['check', 'ismashed', 'phraze', 'spotify', 'youtube', 'applemusic', 'https', 'co', 'al5oe2kfn1', 'ismashed', 'alternativefacts', 'album', 'phraze', 'lbm', 'hiphop', 'rap', 'music', 'beyonce', 'jayz', 'taylorswift', 'jenniferlopez', 'kanye', 'amberrose', 'kimkardashian', 'cardib', 'brittanyspears', 'christinaaguilera', 'jen']"
D65,"['elonmusk', 'could', 'worse', 'appointing', 'kanye']"
D66,"['else', 'thinks', 'elonmusk', 'kanye', 'ye', 'need', 'conservatorship', 'way', 'britneyspears', 'ever', 'elon', 'needs', 'see', 'yeezy', 'imploded', 'gon', 'na', 'happen', 'tesla']"
D67,"['patriots', 'jews', 'league', 'everyboyishitler', 'kanye', 'jew', 'fifaworldcup', 'messi', 'uvaldemassacre']"
D68,"['kanye', 'west', 'vs', 'george', 'floyd', 'manolo', 'pod', 'ye', 'ye24', 'kanyewest', 'kanye', 'georgefloyd', 'blm', 'podcasting', 'newpodcast', 'miguelcamachio', 'danieleyva2', 'https', 'co', 'rrwgtglsq5']"
D69,"['elon', 'musk', 'kanye', 'west', 'suspending', 'account', 'kanyewest', 'teamkanyedaily', 'memelyxyz', 'kanye', 'hotnews', 'elonmusk', 'twitter', 'elonmeme', 'viralvideo', 'memely', 'https', 'co', 'qu7w2klecw']"
D70,"['wow', 'nazi', 'much', 'newyorktimes', 'kanye', 'https', 'co', 's6y8ndd6wt']"
D71,"['think', 'colonisation', 'helped', 'africa', 'colonialism', 'africa', 'nigeria', 'kanye']"
D72,"['nbc', 'news', 'nypd', 'searching', 'suspect', 'said', 'kanye', '2024', 'antisemitic', 'attack', 'inside', 'central', 'park', 'new', 'york', 'police', 'department', 'asking', 'tips', 'suspect', 'assaulted', '63', 'year', 'old', 'man', 'central', 'park', 'last', 'week', 'https', 'co', 'vdeyjfxd0k']"
D73,"['nick', 'fuentes', 'bad', 'influence', 'kanye', 'becoming', 'babylon', 'wolf', 'sheep', 'amp', 'apos', 'clothing', 'https', 'co', 'fnohqs6hhq']"
D74,"['culture', 'council', 'podcast', 'going', 'live', '8pm', 'est', 'twitter', 'twitter', 'spaces', 'youtube', 'amp', 'twitch', 'hop', 'space', 'chat', 'let', 'connect', 'decent', 'live', 'culturecouncil', 'youtube', 'twitchtv', 'podcast', 'twitterspaces', 'like', 'follow', 'subscribe', 'elon', 'omegle', 'twitter', 'kanye', 'trump']"
D75,"['one', 'k4s', 'ent', 'hflmag', 'cover', 'feature', 'rezasarrafieh', 'memorable', 'moments', 'working', 'rocnation', 'lilnasx', 'snohalegrah', 'djkhaled', 'rnb', 'hiphop', 'rocnation', 'vicmensa', 'jcole', 'kanye', 'hflmag', 'https', 'co', 'hr63qxp0yj', 'https', 'co', 'zd04faweaj']"
D76,"['people', 'feeling', 'like', 'cocky', 'shit', 'say', 'could', 'imagine', 'shit', 'think', 'kanye', 'heardemye']"
D77,"['sooooo', 'kanye', 'still', 'get', 'paid', 'song', 'snippet', 'blackadam', 'thought', 'cancelled']"
D78,"['jay', 'z', 'surprises', 'kanye', 'bet', 'awards', 'kanye', 'kanyewest', 'ye', 'donda', 'yeezy', 'jayz', 'https', 'co', 'f172ulbuko']"
D79,"['live', 'like', 'die', 'tomorrow', 'go', 'kanyewest', 'kanyewestmotivation', 'kanyewestinterview', 'kanye', 'livelikeyouweredying', 'liveliketheresnotomorrow', 'goforit', 'betruetoyourself', 'motivation', 'motivationalquotes', 'inspirationalquotes', 'life', 'livefortoday', 'lifequotes', 'fyp', 'fyp„Ç∑', 'viral', 'https', 'co', 'nu7daysvxj']"
D80,"['djvlad', 'looooooovessss', 'kanye', 'lmao', 'every', 'segment', 'kanye', 'claim', 'fw', 'hate', 'man', 'wearing', 'yeezys', 'kanye']"
D81,"['want', 'find', 'uncensored', 'information', 'https', 'co', 'juo6x054nu', 'thenoticing', 'noticing', 'trump', 'elon', 'musk', 'donald', 'kanye', 'truth', 'redpill', 'facts', 'ye', 'https', 'co', '1ilq3narzv']"
D82,"['raw', 'story', 'kanye', 'west', 'ron', 'desantis', 'resurgence', 'antisemitism', 'hard', 'truths', 'often', 'hidden', 'grim', 'realities', 'time', 'far', 'reaching', 'events', 'appear', 'societies', 'suggesting', 'profound', 'political', 'moral', 'https', 'co', 'cdivlw5pln']"
D83,"['kanye', 'west', 'ahead', 'time', 'kanye', 'ye', 'kanyewest', 'interview', 'https', 'co', 'idgfwjnolr', 'via', 'youtube']"
D84,"['kanye', 'calls', 'davechappelle', 'hack', 'points', 'joke', 'stole', 'owenbenjamin', 'steal', 'joke', 'https', 'co', 'cxufv6zxwu']"
D85,"['elon', 'hates', 'people', 'question', 'hiding', 'elon', 'insecure', 'weak', 'man', 'hides', 'behind', 'money', 'elonthesnowflake', 'elonjet', 'freespeech', 'censorship', 'policy', 'twitter', 'joe', 'trump', 'black', 'kanye', 'worldcupfinal', 'ukraineunderattack', 'russiaisaterroiststate']"
D86,"['looked', 'tweets', 'tweets', 'million', 'dollar', 'tweets', 'million', 'streams', 'ifykyk', 'kanye', 'maskoff']"
D87,"['pov', 'nativity', 'play', 'donda', 'academy', 'kanyewest', 'kanye', 'https', 'co', 'lbkmp4nt6p']"
D88,"['one', 'k4s', 'ent', 'hflmag', 'cover', 'feature', 'rezasarrafieh', 'memorable', 'moments', 'working', 'rocnation', 'lilnasx', 'snohalegrah', 'djkhaled', 'rnb', 'hiphop', 'rocnation', 'vicmensa', 'jcole', 'kanye', 'hflmag', 'https', 'co', 'hr63qxp0yj', 'https', 'co', 'xdpfiuphi7']"
D89,"['last', 'year', 'pantsed', 'simple', 'kanye', 'west', 'orgy']"
D90,"['click', 'image', 'shop', 'https', 'co', '5tspype5lb', 'discounted', 'prices', 'fast', 'amp', 'insured', 'worldwide', 'shipping', 'kanye', 'kanyewest', 'kanyeloves', 'kanyeweststyle', 'https', 'co', 'wmoqswiusy']"
D91,"['andicougevan', '7veritas4', 'agreed', 'also', 'kanye', 'entered', 'thread', 'https', 'co', 'l8un3wanfc']"
D92,"['standing', 'kanye', 'shit', 'much', 'different', 'kanye', 'got', 'cancelled', 'someone', 'called', 'map', 'pedophile', 'hired', 'mfer', 'hire', 'pos', 'like', 'gunn', 'firejamesgunn', 'wbd', 'must', 'like', 'pedos', 'fuckpedogunn', 'toallpedos', 'https', 'co', '8dptsaeoq3']"
D93,"['adidas', 'ever', 'withdrawn', 'collaboration', 'balenciaga', 'pedophile', 'scandal', 'betray', 'persecute', 'steal', 'kanye', 'saying', 'genocides', 'murderers', 'also', 'deserve', 'love', 'yes', 'adidasus', 'pedophiles', 'gt', 'christians', 'welcome', 'hell']"
D94,"['kanye', 'west', 'quote', 'day', '2024', 'kanye', 'west', 'kanyewest', 'ye', 'oftheday', 'otd', 'https', 'co', 'xwi3p0me24']"
D95,"['elonmusk', 'shefvaidya', 'twitter', 'verified', 'rw', 'opportunist', 'cc', 'worth', 'investigating', 'kanye', 'total', 'ban', 'twitter', 'nazi', 'sympathiser']"
D96,"['yall', 'got', 'ta', 'chill', 'ye', 'nazi', 'thing', 'even', 'worse', 'ye', 'ye24', 'kanyewest', 'kanye']"
D97,"['sixers', 'little', 'tone', 'deaf', 'lately', 'new', 'stadium', 'chinatown', 'etc', 'little', 'advice', 'fave', 'team', 'maybe', 'play', 'kanye', 'music', 'loudspeakers', 'jewish', 'heritage', 'hanukkah', 'celebration', 'night', 'yes', 'soon']"
D98,"['808beats', 'frequency', 'pitch', 'hiphop', 'beats', 'sound', 'ye', 'kanye', 'vibes', 'https', 'co', 'olijsfmx4v']"
D99,"['wives', 'sell', 'face', 'cream', 'kanye', 'https', 'co', 'mwtiprcmqb']"
D100,"['shooting', 'baby', 'ifs', 'ands', 'maybe', 'kanye', 'https', 'co', 'ruwjzqfm9q']"
D101,"['elders', 'time', 'needed', 'find', 'president', 'means', 'necessary', 'kanye', 'https', 'co', 'ehqzziz5g3']"
D102,"['kanye', 'west', 'reaction', 'twitter', 'suspension', 'kanye', 'kanyewest', 'teamkanyedaily', 'memelyxyz', 'kanye', 'elonmusk', 'twitter', 'viralvideo', 'kanyememe', 'memely', 'https', 'co', '7hffngvrfc']"
D103,"['thing', 'president', 'anymore', 'kanye', 'https', 'co', 'x7dswb82pd']"
D104,"['elon', 'blocks', 'laughs', 'friends', 'kanye', 'https', 'co', 'aw09ip3xdv']"
D105,"['antisemitic', 'attacker', 'yells', 'kanye', '2024', 'central', 'park', 'assault', 'police', 'say', 'washington', 'post', 'https', 'co', 's7t5tspcxn']"
D106,"['kanye', 'west', 'reaction', 'twitter', 'suspension', 'kanye', 'memely', 'memelyxyz', 'https', 'co', 'ayqn9u7tju']"
D107,"['kanye', 'west', 'reaction', 'twitter', 'suspension', 'kanye', 'memely', 'memelyxyz', 'https', 'co', 'dot3yhca78']"
D108,"['kanye', 'west', 'reaction', 'twitter', 'suspension', 'kanye', 'memely', 'memelyxyz', 'https', 'co', 'tgtfvzjs1p']"
D109,"['kanye', 'west', 'reaction', 'twitter', 'suspension', 'kanye', 'memely', 'memelyxyz', 'https', 'co', 'rujzsad1xo']"
D110,"['kanye', 'west', 'reaction', 'twitter', 'suspension', 'kanye', 'memely', 'memelyxyz', 'https', 'co', 'dvjbvg8me3']"
D111,"['kanye', 'west', 'reaction', 'twitter', 'suspension', 'kanye', 'memely', 'memelyxyz', 'https', 'co', 'mm2nd4r3wp']"
D112,"['kanye', 'west', 'reaction', 'twitter', 'suspension', 'kanye', 'memely', 'memelyxyz', 'https', 'co', 'yxfmhqytpz']"
D113,"['kanye', 'west', 'reaction', 'twitter', 'suspension', 'kanye', 'memely', 'memelyxyz', 'https', 'co', 'hhjnzxhwzp']"
D114,"['kanye', 'west', 'reaction', 'twitter', 'suspension', 'kanye', 'memely', 'memelyxyz', 'https', 'co', 'vkv8ohdfsq']"
D115,"['kanye', 'west', 'reaction', 'twitter', 'suspension', 'kanye', 'memely', 'memelyxyz', 'https', 'co', 'ffjru4nszh']"
D116,"['kanye', 'west', 'reaction', 'twitter', 'suspension', 'kanye', 'memely', 'memelyxyz', 'https', 'co', 'amjwsb2cyh']"
D117,"['kanye', 'west', 'reaction', 'twitter', 'suspension', 'kanye', 'memely', 'memelyxyz', 'https', 'co', 'oiao24sbew']"
D118,"['kanye', 'west', 'reaction', 'twitter', 'suspension', 'kanye', 'memely', 'memelyxyz', 'https', 'co', 'sqmhipqbzd']"
D119,"['kanye', 'west', 'reaction', 'twitter', 'suspension', 'kanye', 'memely', 'memelyxyz', 'https', 'co', 'ondrrjzuuo']"
D120,"['realdonaldtrump', 'four', 'years', 'leave', 'kanye', 'point']"
D121,"['credit', 'andrew', 'knight', 'toohotforfacebook', 'memes', 'meme', 'shitpost', 'shitposts', 'shitposting', 'thesimpsons', 'globexcorporation', 'thesimpsonsmemes', 'simpsonsmemes', 'seinfeld', 'seinfeldmemes', 'kanye', 'kanyewest', 'hitlermemes', 'hitler', 'nazimemes', 'nazis', 'neinfeld', 'holocaust', 'holocaustmemes', 'https', 'co', 'ybua1whx2k']"
D122,"['happened', 'kanye', 'fall', 'face', 'earth']"
D123,"['dophe1', 'sizwelo', 'kanye', 'black', 'trump', 'amp', 'things', 'really', 'different']"
D124,"['fake', 'media', 'brands', 'ie', 'balenciaga', 'ye', 'hip', 'hop', 'move', 'stocks', 'crypto', 'kanye', 'balenciagagate', 'crypto', 'stockmarket', 'simpsons', 'https', 'co', '3hvfqq00b1']"
D125,"['pov', 'kanye', 'west', 'suspended', 'twitter', 'elon', 'musk', 'kanyewest', 'teamkanyedaily', 'memelyxyz', 'kanye', 'elonmusk', 'elonmeme', 'viralvideo', 'kanyememe', 'memely', 'https', 'co', 'gmsav5ohsw']"
D126,"['kimkardashian', 'exes', 'fast', 'food', 'commercials', 'except', 'kanye']"
D127,"['props', 'kanye', 'standing', 'oppressive', 'company', 'owners', 'control', 'politicians']"
D128,"['greenblatt', 'suspended', 'canceled', 'comment', 'elonmusk', 'realdonaldtrump', 'kanyewest', 'kanye', 'https', 'co', 'emnnmasq8x']"
D129,"['jay', 'z', 'encore', 'feat', 'kanye', 'west', 'john', 'legend', 'crawley', 'amp', 'leonard', 'har', 'https', 'co', 'ymzbixzfxx', 'via', 'youtube', 'wdmv362radio', 'eastcoast', 'hip', 'hop', 'nyc', 'classics', 'jazy', 'x', 'kanye', 'x', 'johnlegend', 'theblackalbum19', 'hof']"
D130,"['course', 'else', 'would', 'one', 'choose', 'conspiracy', 'kanye', 'kanyewest', 'https', 'co', 'ycrn4ho07z']"
D131,"['got', 'back', 'new', 'kanye', 'concert', 'kanye', 'https', 'co', 'k6wpro2bgm']"
D132,"['elon', 'musk', 'see', 'kanye', 'west', 'breaking', 'rules', 'kanyewest', 'teamkanyedaily', 'memelyxyz', 'kanye', 'elonmusk', 'elonmeme', 'viralvideo', 'kanyememe', 'memely', 'https', 'co', '2qzllrt6oc']"
D133,"['jp', 'sears', 'liar', 'thinks', 'lies', 'funny', 'girlfriend', 'pretends', 'excercise', 'money', 'conspiracy', 'joe', 'trump', 'black', 'kanye', 'kyrie', 'nsfwxroleplay', 'femboy', 'nsfwaccount', 'pyt', 'elonjet', 'losers', 'qatarworldcup', 'grantwahl', 'saudi', 'trump2024', 'ye24', 'arresttrumpnow', 'topg', 'antifa']"
D134,"['want', 'find', 'uncensored', 'information', 'https', 'co', 'juo6x054nu', 'thenoticing', 'noticing', 'trump', 'elon', 'musk', 'donald', 'kanye', 'truth', 'redpill', 'facts', 'ye', 'https', 'co', 'fdyiw4nsda']"
D135,"['kanye', 'west', 'x', 'mike', 'dean', 'type', 'beat', 'matrix', 'buy', '2', 'get', '2', 'free', 'kanye', 'ye', 'https', 'co', 'k79li14w68', 'via', 'youtube']"
D136,"['take', 'way', 'kanye', 'https', 'co', 'bd0dtnhrue']"
D137,"['well', 'kanye', 'https', 'co', 'rjnygqxvdy']"
D138,"['mint', 'live', 'ye', 'x', 'trump', '2024', 'digital', 'trading', 'cards', '2', '024', 'supply', '1', 'free', 'per', 'wallet', 'rest', '0', '001Œæ', 'max', '10', 'per', 'tx', 'website', 'https', 'co', 'kx7ui8oxju', 'contract', 'https', 'co', 'axh38wlelb', 'kanye', 'trump', 'yextrump', 'ye2024', 'trump2024', 'nfts', 'freemint', 'nft', 'eth', 'https', 'co', 'omm8nlv2py']"
D139,"['reich', 'wrong', 'ye', 'kanye', 'kanyewest']"
D140,"['half', 'supply', 'minted', 'far', 'kanye', 'eth', 'nfts', 'freemint', 'trump', 'https', 'co', 'bknbusua52']"
D141,"['post', 'elon', 'real', 'time', 'location', 'public', 'information', 'want', 'access', 'public', 'information', 'elongoat', 'andrewtate', 'topg', 'missfrance', 'discord', 'twittertakeover', 'joe', 'trumpisdone', 'feet', 'femboy', 'missnordpasdecalais', 'podcastandchillwithmacg', 'samhyde', 'mde', 'chine', 'kanye']"
D142,"['guy', 'attacks', 'elderly', 'man', 'shouts', 'kanye2024', 'behalf', 'old', 'man', 'u', 'see', 'kanye', 'hit', 'bitch', 'jews', 'elderly', 'fkkanye']"
D143,"['imagine', 'world', 'took', 'mama', 'called', 'crazy', 'released', 'million', 'dollar', 'shoe', 'design', 'market', 'lost', 'offers', 'deals', 'sought', 'first', 'thing', 'jews', 'kanye']"
D144,"['feel', 'like', 'straight', 'lick', 'strange', 'fruit', 'stick', 'kanye', 'https', 'co', 'qxo80huorg', 'https', 'co', 'tvnrymbtsv']"
D145,"['please', 'tweet', 'trending', 'news', 'breaking', 'news', 'truth', 'faith', 'love', 'heresy', 'falseprophets', 'kanye', 'kanyewest', 'ye', 'yeezy', 'sundayservice', 'nickfuentes', 'redmedia', 'paparazzi', 'global', 'debate', 'challenge', 'gospel', 'jesus', 'jesuschrist', 'god', 'bibletruthpodcast', 'https', 'co', 'wtrixaryiq']"
D146,"['check', 'ismashed', 'phraze', 'spotify', 'youtube', 'applemusic', 'https', 'co', 'al5oe2kfn1', 'ismashed', 'alternativefacts', 'album', 'phraze', 'lbm', 'hiphop', 'rap', 'music', 'beyonce', 'jayz', 'taylorswift', 'jenniferlopez', 'kanye', 'amberrose', 'kimkardashian', 'cardib', 'brittanyspears', 'christinaaguilera', 'jen']"
D147,"['take', 'kanye', 'https', 'co', '3ropgrs3ws']"
D148,"['kanye', 'west', 'digital', 'trading', 'cards', 'minting', 'live', 'etherscan', 'https', 'co', 'mu9uxnx8o1', 'nft', 'nftcommunity', 'nftminting', 'nfts', 'trumpcard', 'trumpnft', 'kanye', 'kanyewest', 'kanyenft', 'https', 'co', 'acah4oergq']"
D149,"['gop', 'nominee', 'reactions', 'desantis', 'trump', 'cruz', 'rubio', 'haley', 'pence', 'pompeo', 'noem', 'youngkin', 'christie', 'cheney', 'kanye', 'trump', 'trump2024', 'trump24', 'desantis', 'gop', 'usa', 'americafirst', 'america', 'politicslive', 'kanye', 'https', 'co', '8cjcyoq3zm']"
D150,"['calling', 'kanye', 'launch', 'nft', 'project']"
D151,"['moongaadddd', 'abb', 'abbabb', 'abb', 'kanyestreams1', 'mikedean', 'made', 'beat', 'logic', 'u', 'could', 'say', 'kanye', 'beat']"
D152,"['check', 'new', 'video', 'hollowknight', 'youtube', 'gaming', 'kanye', 'subscribe', 'https', 'co', 'jbrav7skjk', 'https', 'co', 'jljm3ocmjp']"
D153,"['drake', 'killed', 'xxxtentacion', 'know', 'drake', 'x', 'murder', 'kill', 'kanye', 'kanyewest', 'fifaworldcup']"
D154,"['comedy', 'comedy', 'show', 'comedian', 'kanye', 'comediansofinstagram', 'eat', 'drink', 'laugh', 'ventura', 'venturacounty', 'santabarbara', 'losangelescomedy', 'showtime', 'entertainment', 'nightout', 'datenight', 'weekend', '805', '805events', 'dinnerandashow', 'dinneranddrinks', 'events', 'intsdail', 'standup', 'standupcomedy', 'https', 'co', 'pmjdyev7iq']"
D155,"['depends', 'race', 'good', 'singer', 'like', 'americans', 'better', 'voice', 'like', 'mexicans', 'turkish', 'people', 'singer', 'race', 'mexicans', 'fifaworldcup', 'turkey', 'kanye']"
D156,"['mental', 'disease', 'helpful', 'attention', 'economy', 'seems', 'kanye2024', 'kanyewest', 'kanyeforpresident', 'viral', 'kanye', 'https', 'co', 'yspayphsjk']"
D157,"['kanye', 'west', 'wanting', 'let', 'go', 'antisemitism', 'gets', 'kicked', 'twitter', 'kanyewest', 'teamkanyedaily', 'memelyxyz', 'hotnews', 'elonmusk', 'kanye', 'viralvideo', 'kanyememe', 'memely', 'https', 'co', 'odwbh60o4o']"
D158,"['done', 'jayz', 'amp', 'kanye', 'wiz', 'getting', 'people', 'still', 'smoking', 'weed', 'wizkhalifa']"
D159,"['want', 'something', 'think', 'would', 'ye', 'kanye', 'kanyewest', 'jew']"
D160,"['ai', 'text', 'image', 'generated', 'art', 'using', 'https', 'co', 'h7p37ieue6', 'kanye', 'west', 'aiart', 'hiphopart', 'dreamstudio', 'aiartwork', 'aigenerated', 'aigeneratedart', 'ye', 'kanye', 'kanyewest', 'nft', 'digitalart', 'blackklansman', 'https', 'co', 'dfpasd2beo']"
D161,"['trustedkicks', 'needs', 'listen', 'version', 'goodmorning', 'podcast', 'podchaser', 'minomornings', 'dobetter', 'elevate', 'letsgo', 'usa', 'chicago', 'kanye']"
D162,"['luckynu777', 'fighting', 'amp', 'exiling', 'kanye']"
D163,"['aaliyah', 'best', 'love', 'reaction', 'full', 'video', 'youtube', 'channel', 'talishasparkles', 'comedy', 'chicago', 'shortstory', 'fashion', 'gta', 'youtube', 'vlogs', 'asmr', 'trynottolaugh', 'reaction', '2022', 'invest', 'taylorswift', 'eminem', 'kanye', 'kardashians', 'aaliyah', 'atyourbest', 'letmeknow', 'https', 'co', 'qwidr0nqwt']"
D164,"['fire', 'freespeech', 'kanye', 'ye', 'nextup', 'beat', 'producer', 'fire', 'arturia', 'https', 'co', 'ch3b2sltrs']"
D165,"['elon', 'musk', 'suspending', 'kanye', 'account', 'like', 'memelyxyz', 'hotnews', 'elonmusk', 'twitter', 'kanye', 'elonmeme', 'viralvideo', 'memely', 'https', 'co', '5ftflbca71']"
D166,"['oh', 'hey', 'would', 'thought', 'kanye', 'nytimes', 'would', 'agree', 'https', 'co', 'ov9hmebbte']"
D167,"['shnugent2', 'weisselbergers', 'raised', 'autistic', 'son', 'kind', 'caring', 'amp', 'compassionate', '24', 'amp', 'wonderful', 'human', 'elon', 'amp', 'kanye', 'megalomaniacal', 'malignant', 'narcissist', 'bags']"
D168,"['kanye', 'likes', 'sued', 'kanye', 'kanyewest', 'ye', 'donda', 'yeezy', 'https', 'co', 'omihuajraj']"
D169,"['biniam98', 'terriblemaps', 'new', 'spirit', 'size', 'maps', 'mattered', 'oppressor', 'keep', 'people', 'mentally', 'oppressed', 'truth', 'prevail', 'ukrainerussiawar', 'strictly', 'twittergate', 'elon', 'twitterfiles', 'kanyewest', 'ye', 'kanye', 'blackfriday', 'israel', 'israeliapartheid', 'isralites', 'systematicracism', 'https', 'co', 'get3qklgzp']"
D170,"['kanye', 'west', 'wondering', 'account', 'got', 'suspended', 'kanyewest', 'teamkanyedaily', 'memelyxyz', 'hotnews', 'kanye', 'elonmusk', 'viralvideo', 'kanyememe', 'memely', 'https', 'co', 'qnbg3eitbt']"
D171,"['saints', 'label', 'nouv', 'prod', 'niseproductions', 'shot', 'visionar', 'https', 'co', 'w9lxpohrhx', 'via', 'youtube', 'rihanna', 'beyonce', 'rowdyrebel', 'drake', 'hiphop', 'music', 'future', 'bennythebutcher', 'tems', 'kanye', 'jadakiss', 'brunomars', 'nas', 'diddy', 'djdrama', 'yogotti', 'glorilla', 'freeway']"
D172,"['listen', 'yeezy', 'dccortez', 'catchemcorty', 'tired', 'shit', 'https', 'co', 'lnf8oem5sq', 'news', 'comedy', 'radio', 'music', 'podcast', 'kanye', 'klan', 'jewish', 'nazis', 'https', 'co', 'j1icfwgs82']"
D173,"['listening', '808', 'heartbreak', 'wow', 'kanye', 'coldest', 'winter']"
D174,"['attacker', 'yells', 'kanye', '2024', 'antisemitic', 'assault', 'police', 'say', 'washington', 'post', 'https', 'co', 'nsnmua64fe']"
D175,"['trust', 'trust', 'local', 'lender', 'actually', 'care', 'names', 'line', 'care', 'sorry', 'sorry', 'kanye', 'https', 'co', 'rd8ocz0a7r']"
D176,"['waited', 'see', 'ye', 'yeezy', 'kanye', 'kanyewest', 'https', 'co', 'uws1xys99m']"
D177,"['swept', 'r301', 'best', 'apex', 'apexlegends', 'apexmobile', 'twitter', 'america', 'media', 'memes', 'hockey', 'tmz', 'comedy', 'support', 'fomc', 'nft', 'meta', 'viral', 'trends', 'fifa', 'worldcup', 'podcast', 'funny', 'election', 'sale', 'national', 'kanye', 'holiday', 'deals', 'coin', 'happy', 'community', 'digital', 'https', 'co', '5igbhddepk']"
D178,"['learn', 'history', 'kanye', 'kanye2024', 'kanyewest', 'kanyeforpresident', 'viral', 'kanye', 'https', 'co', '8bkhu60hxr']"
D179,"['elon', 'taken', 'alot', 'put', 'memelyxyz', 'elonmusk', 'kanye', 'viralvideo', 'memely', 'https', 'co', 'e54f2wkpav']"
D180,"['said', 'black', 'american', 'culture', 'similar', 'west', 'african', 'culture', 'amp', 'black', 'women', 'hurt', 'ba', 'culture', 'vivica', 'fox', 'destroys', 'kanyewest', 'https', 'co', 'w7tpctgw1n', 'odj', 'vivica', 'kanye', 'feminism', 'securethetribe', 'blackwomen', 'blacktwitter', 'blameblackmen', 'black', 'men']"
D181,"['want', 'find', 'uncensored', 'information', 'https', 'co', 'juo6x054nu', 'thenoticing', 'noticing', 'trump', 'elon', 'musk', 'donald', 'kanye', 'truth', 'redpill', 'facts', 'ye', 'https', 'co', 'bdlyymtpcy']"
D182,"['bishop', 'un', 'chained', 'going', 'live', 'tonight', '9', '30pmest', 'one', 'want', 'miss', 'visit', 'website', 'https', 'co', 'jr06xs5pjc', 'like', 'share', 'amp', 'subscribe', 'iuic', 'oklahoma', 'youtube', 'oklahomacity', 'kanye', 'ye', 'jew', 'https', 'co', 'bpu6iapvwu']"
D183,"['check', 'new', '1', '1', 'nfts', 'behind', 'scenes', 'collection', 'make', 'offer', 'https', 'co', 'rnigr6ifsf', '1of1', '1of1s', 'hiphop', 'nftshill', 'nftphotography', 'nftcollectors', 'rap', 'nftfam', 'nfts', 'nftphotography', 'nas', 'nipsey', 'jcole', 'meganfox', 'kanye', 'macmiller', 'kardashian', 'opensea', 'jayz', 'https', 'co', 'bvvpmtdoxz']"
D184,"['futurism', 'kanye']"
D185,"['bishop', 'un', 'chained', 'going', 'live', 'tonight', '9', '30pmest', 'one', 'want', 'miss', 'fixxinfaces', 'streaming', 'facebook', 'youtube', 'iuictv', 'oklahomacity', 'kanye', 'ye', 'jew', 'jewish', 'antisemitic', 'antisemetism', 'instagram', 'explore', 'kanyewest', 'https', 'co', 'qwxhgbumvs']"
D186,"['15dayswithkanye', 'people', 'quick', 'feet', 'moneygrab', 'need', 'kanye', 'ex', 'bodyguard', 'telling', 'us', 'problematic', 'situations', 'well', 'aware', 'man', 'outlandish', 'behavior', 'garbage']"
D187,"['kanye', 'hears', 'truth', 'elon', 'musk', 'kanye', 'elonmusk', 'memely', 'kanyewest', 'teamkanyedaily', 'memelyxyz', 'kanye', 'elonmusk', 'elonmeme', 'viralvideo', 'kanyememe', 'memely', 'https', 'co', 'zwgyjjfjkr']"
D188,"['worse', 'thing', 'could', 'happen', 'kanye', 'destruction', 'legacy', 'hand']"
D189,"['one', 'k4s', 'ent', 'hflmag', 'cover', 'feature', 'rezasarrafieh', 'memorable', 'moments', 'working', 'rocnation', 'lilnasx', 'snohalegrah', 'djkhaled', 'rnb', 'hiphop', 'rocnation', 'vicmensa', 'jcole', 'kanye', 'hflmag', 'https', 'co', 'hr63qxp0yj', 'https', 'co', 'obxxztuja5']"
D190,"['listening', 'kanye', 'must', 'tough', 'kanyewest', 'teamkanyedaily', 'memelyxyz', 'kanye', 'elonmusk', 'twitter', 'viralvideo', 'kanyememe', 'memely', 'https', 'co', 'bpq44dc97u']"
D191,"['kanye', 'west', 'trolling', 'suge', 'knight', 'lawyer', 'kanye', 'kanyewest', 'ye', 'donda', 'yeezy', 'https', 'co', 'h3sbfjwefr']"
D192,"['click', 'image', 'shop', 'https', 'co', '5tspype5lb', 'discounted', 'prices', 'fast', 'amp', 'insured', 'worldwide', 'shipping', 'kanye', 'kanyewest', 'kanyeloves', 'kanyeweststyle', 'https', 'co', 'uccpnpbry6']"
D193,"['kanye', 'west', 'quote', 'day', 'world', 'needs', 'joy', 'idea', 'super', 'fresh', 'kanye', 'west', 'kanyewest', 'ye', 'oftheday', 'otd', 'https', 'co', 'ce522xfyb0']"
D194,"['well', 'thats', 'horrible', 'watch', 'guess', 'kanye', 'wasnt', 'completely', 'wrong', 'https', 'co', 'mqwckmqzpu']"
D195,"['women', 'problem', 'kanye', 'emotional', 'decision', 'making', 'w', 'milo', 'ibata', 'kanyewest', 'kanye', 'yeezy', 'kimkardashian', 'amberrose', 'https', 'co', 'hhff95iwoz']"
D196,"['kanye', 'chinese', 'version', 'elon', 'memelyxyz', 'hotnews', 'elonmusk', 'kanye', 'viralvideo', 'memely', 'https', 'co', 'exdymx1th6']"
D197,"['everyone', 'knows', 'elon', 'love', 'hitler', 'right', 'get', 'would', 'still', 'twitter', 'offended', 'kanye', 'https', 'co', 'ayr40esdh8']"
D198,"['someone', 'explain', 'elonmusk', 'change', 'twitter', 'way', 'many', 'want', 'get', 'still', 'hatespeech', 'conspiracytheories', 'stupid', 'narcissist', 'kanye', 'kicked', 'trump', 'want', 'anymore']"
D199,"['kanye', 'west', 'saw', 'half', 'chinese', 'genetic', 'hybrid', 'elon', 'kanyewest', 'teamkanyedaily', 'memelyxyz', 'kanye', 'elonmusk', 'viralvideo', 'kanyememe', 'memely', 'https', 'co', 'qwgfkmtfa5']"
D200,"['must', 'watch', 'ye', 'kanyewest', 'kanye', 'kyrieirving', 'hebrewisraelites', 'hebrew', 'sicarii', 'apttmh', 'praises', 'bring', 'plz', 'like', 'amp', 'share', 'https', 'co', '8wnqgmhcvj', 'https', 'co', 'pt5pka6khv']"
D201,"['kanye', 'wests', 'love', 'hitler', 'allegedly', 'goes', 'back', '20', 'years', 'https', 'co', 'c31y2ksg7d', 'kanye', 'wests', 'love', 'hitler', 'allegedly', 'goes', 'back', 'years']"
D202,"['wack', '100', 'invites', 'kanye', 'ye', 'west', 'clubhouse', 'talks', 'mk', 'ultra', 'sacrifices', 'handlers', 'boys', 'https', 'co', 'zc1kedxx0a', 'ye24', 'kanye', 'wack100', 'illuminati', 'conspiracytheories', 'awakening', 'ageofaquarius', 'clubhouse', 'clubhouseaudio', 'https', 'co', 'opu8zikp5c']"
D203,"['world', 'wanted', 'new', 'kanye', 'christmas', 'bad', 'cuz', 'already', 'first', 'ùóõùóÆùóµùóÆ', 'ùóùùó≤ùóªùó∏ùó∂ùóªùòÄ', 'https', 'co', 'e3pqxxu2sc']"
D204,"['sam', 'bankman', 'fried', 'pure', 'scum', 'forced', 'work', 'hard', 'labor', 'makes', '8', 'billion', 'dollars', 'sambankmanfried', 'aquarium', 'themaskedsinger', 'pokemon', 'cryptomemes', 'moneyslaves', 'greed', 'jews', 'conspiracy', 'comedy', 'kanye', 'kyrie', 'nelk', 'bahrain', 'ukraine', 'russiaisaterroriststate']"
D205,"['one', 'k4s', 'ent', 'hflmag', 'cover', 'feature', 'rezasarrafieh', 'memorable', 'moments', 'working', 'rocnation', 'lilnasx', 'snohalegrah', 'djkhaled', 'rnb', 'hiphop', 'rocnation', 'vicmensa', 'jcole', 'kanye', 'hflmag', 'https', 'co', 'hr63qxp0yj', 'https', 'co', 'xs6tspl1op']"
D206,"['kanye', 'elon', 'trump', 'three', 'people', 'mental', 'breakdown', 'public', 'kanye', 'elonmusk', 'trump']"
D207,"['kanye', 'west', 'right', 'kanyewest', 'teamkanyedaily', 'memelyxyz', 'kanye', 'elonmusk', 'viralvideo', 'kanyememe', 'memely', 'https', 'co', 'g5epvm5pis']"
D208,"['thing', 'elonmusk', 'things', 'reprehensible', 'kanye', 'echelon', 'rich', 'white', 'supremacist', 'guys', 'face', 'scrutiny', 'bye', 'bye', 'journalists', 'let', 'nazis', 'come', 'back', 'kanye', 'praising', 'hitler', 'elon', 'https', 'co', 'y2albfbqfu']"
D209,"['title', 'claims', 'quit', 'kimkardashian', 'manager', 'spot', 'hearing', 'truth', 'kanye', 'says', 'worked', 'company', '7', 'years', 'maybe', 'kim', 'manager', 'baalenciaga', 'case', 'great', 'points', 'around', 'pedophiles', 'better', 'hide', 'sick', 'ass', 'https', 'co', 'cz6fpevy8f']"
D210,"['ungrateful', 'basterds', '2', 'kanye', 'meets', 'bear', 'jew', 'beautifully', 'requested', 'nonymous', 'ye', 'kanye', 'worldstar', 'wshh', 'quintintarantino', 'dankmemes', 'https', 'co', 'z6tlownfgy']"
D211,"['hitler', 'secret', 'weapon', 'drugs', 'https', 'co', 'n4n2bgjw8e', 'via', 'youtube', 'want', 'apologize', 'supporting', 'kanye', 'literally', 'loves', 'meth', 'head', 'oops']"
D212,"['lot', 'people', 'saying', 'ye', 'anti', 'jewish', 'also', 'anti', 'black', 'drjeffrey2u', 'says', 'complicated', 'kanye', 'therundownpodcast', 'whitesupremacy', 'evangelism', 'https', 'co', 'yhgpaavjck']"
D213,"['like', 'share', 'amp', 'subscribe', 'iuic', 'oklahoma', 'youtube', 'oklahomacity', 'kanye', 'ye', 'jew', 'jewish', 'antisemitic', 'antisemetism', 'instagram', 'explore', 'kanyewest', 'youtube', 'christ', 'christianity', 'deuteronomy28', 'redmedia']"
D214,"['kanye', 'crazy', 'believe', 'trying', 'expose', 'people', 'using', 'freedom', 'speech', 'wrong', 'destructive', 'way', 'besides', 'fact', 'going', 'something', 'believe', 'nazi', 'think', 'trying', 'prove', 'point', 'throwing', 'bus', 'kanye', 'ye']"
D215,"['families', 'chicago', 'amp', 'milwaukee', 'come', 'together', 'sabbath', 'mediate', 'word', 'lord', 'illinois', 'blacks', 'hispanic', 'nativeamericans', 'israelunitedinchrist', 'israelite', 'truth', 'bible', 'biblicalsmoke', 'kyrie', 'ye', 'kanye', 'https', 'co', '0z0iwonr3m']"
D216,"['iuic', 'spoken', 'voice', 'voiceless', 'official', 'documentary', 'https', 'co', 'fm91xmdgiq', 'via', 'youtube', 'israelites', 'jews', 'ye', 'kyrieirving', 'kanye', 'hebrewisraelites', 'truth']"
D217,"['elonmusk', 'referring', 'jewish', 'media', 'kanye']"
D218,"['believe', 'ye24', 'meant', 'said', 'nazis', 'bad', 'good', 'things', 'would', 'believe', 'nasa', 'would', 'agree', 'dr', 'warner', 'von', 'braun', 'nasa', 'space', 'engineering', 'manager', 'aka', 'wernher', 'von', 'braun', 'nazi', 'ss', 'general', 'kanye', 'https', 'co', '8ackhrph6b']"
D219,"['tmobile', 'make', 'another', 'sidekick', 'lx', 'ye', 'elonmusk', 'teslaphone', 'piephone', 'apple', 'remodel', 'phone', 'kanye', 'rich', 'power', 'https', 'co', 'lmdztqhfi5']"
D220,"['want', 'find', 'uncensored', 'information', 'https', 'co', 'juo6x054nu', 'thenoticing', 'noticing', 'trump', 'elon', 'musk', 'donald', 'kanye', 'truth', 'redpill', 'facts', 'ye', 'https', 'co', 'obsd4mtpi4']"
D221,"['check', 'ismashed', 'phraze', 'spotify', 'youtube', 'applemusic', 'https', 'co', 'al5oe2kfn1', 'ismashed', 'alternativefacts', 'album', 'phraze', 'lbm', 'hiphop', 'rap', 'music', 'beyonce', 'jayz', 'taylorswift', 'jenniferlopez', 'kanye', 'amberrose', 'kimkardashian', 'cardib', 'brittanyspears', 'christinaaguilera', 'jen']"
D222,"['ky', 'said', 'kanye', 'kanyewest', 'kanye', 'kanyewestinterview', 'thetruthaboutkanyewest', 'thedarktruthaboutkanyewest', 'thetruthaboutmeekmillandkanye', 'https', 'co', '1gui3l1h5a']"
D223,"['think', 'gon', 'na', 'happen', 'kanye', 'west', 'kanyewest', 'kanye', 'west', 'kanyewestwhitelivesmatter', 'whathappenedtokanye', 'kanyewestinterview', 'https', 'co', '8u8qvlesso']"
D224,"['much', 'like', 'ages', 'old', 'chicago', 'style', 'vs', 'n', 'style', 'pizza', 'new', 'rivalry', 'brewing', 'maga', 'country', 'vs', 'kanye', '2024', 'ironically', 'realdonaldtrump', 'ny', 'kanye', 'raised', 'chicago', 'weird', 'https', 'co', 'kpabgycu7h']"
D225,"['donald', 'trump', 'tells', 'jews', 'loyal', 'mention', 'kanye', 'west', 'dinner', 'https', 'co', '0ot84lnvww']"
D226,"['lady', 'pup', 'one', 'big', 'club', 'power', 'control', 'ye', 'right', 'https', 'co', 'rtx8uu9h3x']"
D227,"['elon', 'musk', 'launches', 'poll', 'whether', 'quit', 'twitter', 'ceo', 'https', 'co', 'lludgvb4vg', 'blockchain', 'crypto', 'bitcoin', 'doge', 'twitter', 'twitterfiles', 'elonmusk', 'facebook', 'censorship', 'facebook', 'cia', 'sbook', 'china', 'book', 'jan6th', 'fakenews', 'adl', 'ye', 'beijing', 'biden', 'socialmedia', 'usethehorse']"
D228,"['elonmusk', 'wallstreetsilv', 'ye', 'could', 'worthy', 'successor']"
D229,"['opposite', 'ye', 'jews', 'rule', 'world', 'smart', 'psople', 'anti', 'conspiracytheory', 'international', 'cabal', 'ownnothing', 'behappy', 'slave', 'liberty', 'freedom', 'started', 'went', 'https', 'co', 'loxoxdeqz6', 'https', 'co', 'm3tvcbkixo']"
D230,"['iuic', 'wotw', '21', 'savage', 'minion', 'disses', 'ye', 'https', 'co', 'amlwtfxhqi', 'via', 'youtube']"
D231,"['documentary', 'unspokable', 'evil', 'pagan', 'christianity', 'visit', 'website', 'https', 'co', 'kirjzbnt54', 'call', 'us', '855', '484', '4842', 'ext', '7015', 'documentary', 'faith', 'hiddenhistory', 'leaders', 'therealpussinboots', 'kryie', 'ye', 'https', 'co', 'fkiyaru1cp']"
D232,"['prophets', 'new', 'orleans', 'traveled', 'shreveport', 'past', 'sabbath', 'war', 'brethren', 'visit', 'website', 'https', 'co', 'kirjzbnt54', 'call', 'us', '855', '484', '4842', 'ext', '7015', 'godsarmy', '144k', 'saviors', 'kyrie', 'ye', 'itsup', 'iuic', 'israelites', 'nathanyel7', 'kyrieirving', 'truth', 'https', 'co', 'mfycplkpzy']"
D233,"['yelp', 'uptrend', 'rsi', 'indicator', 'exits', 'oversold', 'zone', 'view', 'odds', 'indicators', 'https', 'co', 'jgpqrtg6tb', 'ye', 'stockmarket', 'stock', 'https', 'co', '6xekfppzij']"
D234,"['told', 'son', 'want', 'live', 'might', 'catch', 'body', 'cheerleader', 'might', 'catch', 'body', 'free', 'youngthug', 'ye', 'argentinavsfrance', 'myheroacademia']"
D235,"['sabbath', 'recap', 'unifying', 'gods', 'chosen', 'people', 'visit', 'website', 'https', 'co', 'yymbexpvct', 'christ', 'iuic', 'iuiccolumbus', 'family', 'unity', 'nathanyel7', 'influencer', 'jews', 'israelites', 'fyp', 'biblicalsmoke', 'ye', 'kyrie', 'https', 'co', 'vlxfgbk8lb']"
D236,"['sabbath', 'recap', 'unifying', 'gods', 'chosen', 'people', 'visit', 'website', 'https', 'co', 'yymbexpvct', 'christ', 'iuic', 'iuiccolumbus', 'family', 'unity', 'nathanyel7', 'influencer', 'jews', 'israelites', 'fyp', 'biblicalsmoke', 'ye', 'kyrie', 'https', 'co', '4v6u39554a']"
D237,"['ye', 'redpill', 'journey', 'happened', 'found', 'candace', 'owens', 'study', 'hitler', 'came', 'nick', 'fuentes', 'ali', 'alexander', 'keep', 'knowledge', 'secret', 'years', 'ye', 'stupid', 'ye24', 'ye', 'nickfuentes', 'ali', 'https', 'co', 'tnnkvvzk1d']"
D238,"['make', 'ye', 'ceo', 'see', 'happens', 'https', 'co', 'woq3buqf3i']"
D239,"['never', 'thought', 'would', 'take', 'far', 'ye']"
D240,"['recall', 'know', 'love', 'show', 'ye']"
D241,"['christhansen', 'ai', 'interesting', 'rickowens', 'ye', 'balenciaga', 'juliafox', 'balenciaga', 'demna', 'balenciagagate', 'groomers', 'https', 'co', 'myhcstjphu']"
D242,"['photosofkanye', 'interesting', 'rickowens', 'ye', 'balenciaga', 'juliafox']"
D243,"['ye', 'strikes', 'https', 'co', 'wovb9q4r7b']"
D244,"['documentary', 'unspokable', 'evil', 'pagan', 'christianity', 'visit', 'website', 'https', 'co', 'dyx3qumchg', 'call', 'us', '855', '484', '4842', 'ext', '7015', 'documentary', 'faith', 'hiddenhistory', 'leaders', 'therealpussinboots', 'kryie', 'ye', 'https', 'co', 'zmvozfxrbm']"
D245,"['treat', 'like', 'queen', 'without', 'money', 'world', 'ye', 'foodforthought']"
D246,"['playing', 'grover', 'washington', 'jr', 'mister', 'magic', 'listen', 'https', 'co', 'lwzld4y7sj', 'sister', 'rita', 'x', 'show', 'airs', 'daily', '4pm', 'pst', '6pm', 'pst', 'https', 'co', 'ws56iygoom', 'chicago', 'kanyewest', 'atl', 'lasvegas', 'buffalo', 'pt', 'ghana', 'france', 'nm', 'dublin', 'kenya', 'ye', 'ra']"
D247,"['violence', 'spiritual', 'war', 'visit', 'website', 'https', 'co', 'rq4ecdmiim', 'godsarmy', '144k', 'saviors', 'kyrie', 'ye', 'itsup', 'iuic', 'israelites', 'nathanyel7', 'kyrieirving', 'truth', 'https', 'co', 'acpgkvxxk5']"
D248,"['playing', 'tevin', 'campbell', 'alone', 'listen', 'https', 'co', 'lwzld4y7sj', 'sister', 'rita', 'x', 'show', 'airs', 'daily', '4pm', 'pst', '6pm', 'pst', 'https', 'co', 'ws56iygoom', 'chicago', 'kanyewest', 'atl', 'lasvegas', 'buffalo', 'pt', 'ghana', 'france', 'nm', 'dublin', 'india', 'ye', 'radios']"
D249,"['rather', 'adviser', 'president', 'kanyewest', 'hit', 'nickfuentes', 'spookygoblin8', 'ye24', 'ye', 'kanyewest']"
D250,"['vote', 'suit', 'ye', 'youre', 'certified', 'clown', 'kanye2024', 'ye', 'yeezus', 'https', 'co', 'qjzcdobkdh', 'https', 'co', '62blufrr3g']"
D251,"['iuic', 'chicago', 'brought', 'biblical', 'history', 'richard', 'daley', 'branch', 'chicago', 'library', '2', 'timothy', '4', '2', 'preach', 'word', 'instant', 'season', 'season', 'reprove', 'rebuke', 'exhort', 'long', 'suffering', 'doctrine', 'culture', 'israelite', 'ye', 'kyrie', 'israelunitedinchrist', 'https', 'co', 'xi9rloszoz']"
D252,"['american', 'capitalism', 'america', 'kanyewest', 'fyp', 'ye', 'capitalism', 'social', 'https', 'co', 'b6tegjbnhn', 'via', 'youtube']"
D253,"['playing', 'monica', 'love', 'much', 'listen', 'https', 'co', 'lwzld4y7sj', 'sister', 'rita', 'x', 'show', 'airs', 'daily', '4pm', 'pst', '6pm', 'pst', 'https', 'co', 'ws56iygoom', 'chicago', 'kanyewest', 'atl', 'lasvegas', 'buffalo', 'pt', 'ghana', 'france', 'nm', 'dublin', 'india', 'ye', 'radios']"
D254,"['breaking', 'news', 'elon', 'announces', 'step', 'twitter', 'appointing', 'ye', 'new', 'ceo', 'https', 'co', 'c5pt1azkvv']"
D255,"['american', 'capitalism', 'america', 'kanyewest', 'fyp', 'ye', 'capitalism', 'social', 'https', 'co', 't3gv5emiwc', 'via', 'youtube']"
D256,"['sabbath', 'recap', 'unifying', 'gods', 'chosen', 'people', 'visit', 'website', 'https', 'co', 'qbeuxwiom8', 'christ', 'iuic', 'iuiccolumbus', 'family', 'unity', 'nathanyel7', 'influencer', 'jews', 'israelites', 'fyp', 'biblicalsmoke', 'ye', 'kyrie', 'https', 'co', 'iog8klewza']"
D257,"['sabbath', 'recap', 'unifying', 'gods', 'chosen', 'people', 'visit', 'website', 'https', 'co', 'qbeuxwiom8', 'christ', 'iuic', 'iuiccolumbus', 'family', 'unity', 'nathanyel7', 'influencer', 'jews', 'israelites', 'fyp', 'biblicalsmoke', 'ye', 'kyrie', 'https', 'co', '1s3bafmkdb']"
D258,"['upset', 'meet', 'ye', 'yet', 'sat', 'amp', 'ye', 'met', 'ye', 'kanyewest', 'illest', 'realist', 'poet']"
D259,"['ye', 'bringing', 'ones', 'allowed', 'talk', 'dead1stamendment', 'https', 'co', 'sxnvqhv5to']"
D260,"['sabbath', 'recap', 'unifying', 'gods', 'chosen', 'people', 'visit', 'website', 'https', 'co', '6iw01xabko', 'christ', 'iuic', 'iuiccolumbus', 'family', 'unity', 'nathanyel7', 'influencer', 'jews', 'israelites', 'fyp', 'biblicalsmoke', 'ye', 'kyrie', 'https', 'co', 'mtjuphb1xt']"
D261,"['sabbath', 'recap', 'unifying', 'gods', 'chosen', 'people', 'visit', 'website', 'https', 'co', '6iw01xscbw', 'christ', 'iuic', 'iuiccolumbus', 'family', 'unity', 'nathanyel7', 'influencer', 'jews', 'israelites', 'fyp', 'biblicalsmoke', 'ye', 'kyrie', 'https', 'co', 'miz7zyadmq']"
D262,"['elonmusk', 'billym2k', 'bring', 'back', 'ye', 'weirdo']"
D263,"['pgoat', 'believe', 'kanyewest', 'ye', 'finished', 'professionally', 'destroyed', 'lot', 'built', 'disappointing', 'succumbed', 'ego', 'taking', 'level', 'headed', 'action', 'think', 'split', 'kimkardashian', 'distorted', 'thinking', 'also', 'adidas']"
D264,"['legendaryenergy', 'apologize', 'actual', 'snakes', 'awesome', 'elonmusk', 'one', 'likes', 'know', 'u', 'bring', 'back', 'ye', 'time', 'come', 'tou', 'suck']"
D265,"['kanye', 'first', 'ad', 'running', 'president', 'ye', 'ye24', 'https', 'co', 'oaop2kccms']"
D266,"['checking', 'see', 'happening', 'w', 'ye', 'trafficking', 'situation', 'amp', 'vested', 'people', 'around', 'seem', 'care', 'complexity', 'situation', 'sufficient', 'power', 'uphold', 'rights', 'ask', 'good', 'real', 'family', 'amp', 'friends', 'ensure', 'protected', 'ye']"
D267,"['please', 'keep', 'ye', 'prayers', 'tonight', 'nightmares', 'becoming', 'reality', 'https', 'co', 'zvb2yt5mqm']"
D268,"['elonmusk', 'oh', 'shit', 'login', 'accounts', 'vote', 'yes', 'though', 'chaos', 'exposing', 'notoriously', 'horrid', 'business', 'practices', 'used', 'keep', 'poor', 'poor', 'rich', 'rich', 'rich', 'bitch', 'maybe', 'like', 'jesus', 'fall', 'everyone', 'else', 'rise', 'ye']"
D269,"['ecclesiasticus', '4', '26', 'kjv', '26', 'ashamed', 'confess', 'thy', 'sins', 'force', 'course', 'river', 'https', 'co', '048pt2uhxd', 'visit', 'website', 'https', 'co', 'lujmugvqko', 'christmas', 'ye', 'kyrie', 'nathanyel7', 'https', 'co', 'myozlondod']"
D270,"['coffeebreak', 'yt', 'musk', 'exposed', 'controlled', 'opposition', 'banned', 'ye']"
D271,"['sabbath', 'recap', 'unifying', 'gods', 'chosen', 'people', 'visit', 'website', 'https', 'co', 'zub6uh7lpf', 'christ', 'iuic', 'iuiccolumbus', 'family', 'unity', 'nathanyel7', 'influencer', 'jews', 'israelites', 'fyp', 'biblicalsmoke', 'ye', 'kyrie', 'https', 'co', 'uphj3lwe1e']"
D272,"['sabbath', 'recap', 'unifying', 'gods', 'chosen', 'people', 'visit', 'website', 'https', 'co', 'zub6uh7lpf', 'christ', 'iuic', 'iuiccolumbus', 'family', 'unity', 'nathanyel7', 'influencer', 'jews', 'israelites', 'fyp', 'biblicalsmoke', 'ye', 'kyrie', 'https', 'co', 'rzesmukuvo']"
D273,"['playing', 'shai', 'ever', 'fall', 'love', 'listen', 'https', 'co', 'lwzld4y7sj', 'sister', 'rita', 'x', 'show', 'airs', 'daily', '4pm', 'pst', '6pm', 'pst', 'https', 'co', 'ws56iygoom', 'chicago', 'kanyewest', 'atl', 'lasvegas', 'buffalo', 'pt', 'ghana', 'france', 'nm', 'dublin', 'india', 'ye', 'radiosta']"
D274,"['playing', 'michael', 'jackson', 'human', 'nature', 'listen', 'https', 'co', 'lwzld4y7sj', 'sister', 'rita', 'x', 'show', 'airs', 'daily', '4pm', 'pst', '6pm', 'pst', 'https', 'co', 'ws56iygoom', 'chicago', 'kanyewest', 'atl', 'lasvegas', 'buffalo', 'pt', 'ghana', 'france', 'nm', 'dublin', 'india', 'ye', 'radiost']"
D275,"['kanyewest', 'aka', 'ye', 'new', 'ceo', 'twitter']"
D276,"['playing', 'victoria', 'monet', 'coastin', 'listen', 'https', 'co', 'lwzld4y7sj', 'sister', 'rita', 'x', 'show', 'airs', 'daily', '4pm', 'pst', '6pm', 'pst', 'https', 'co', 'ws56iygoom', 'chicago', 'kanyewest', 'atl', 'lasvegas', 'buffalo', 'pt', 'ghana', 'france', 'nm', 'dublin', 'india', 'ye', 'radiostation']"
D277,"['musk', 'using', 'twitter', 'u', 'govt', 'immunity', 'platform', 'publisher', 'say', 'want', 'reality', 'care', 'freespeech', 'shown', 'actions', 'ye', 'alexjones', 'etc', 'con', 'man', 'govt', 'bitch', 'like', 'companies', 'https', 'co', '95jbvrceu0']"
D278,"['playing', 'tamia', 'listen', 'https', 'co', 'lwzld4y7sj', 'sister', 'rita', 'x', 'show', 'airs', 'daily', '4pm', 'pst', '6pm', 'pst', 'https', 'co', 'ws56iygoom', 'chicago', 'kanyewest', 'atl', 'lasvegas', 'buffalo', 'pt', 'ghana', 'france', 'nm', 'dublin', 'india', 'ye', 'radiostation']"
D279,"['balenziaga', 'vs', 'ye', 'reactions', 'https', 'co', 'bh3e7qsbq4']"
D280,"['balenziaga', 'vs', 'ye', 'reactions', 'https', 'co', 'f0nrhoseq4']"
D281,"['balenziaga', 'vs', 'ye', 'reactions', 'https', 'co', 'n9xymhfvrn']"
D282,"['one', 'person', 'hates', 'kanye', 'hate', 'person', 'million', 'people', 'hate', 'kanye', 'hate', 'million', 'people', 'world', 'hates', 'kanye', 'hate', 'world', 'made', 'graduation', 'kanyewest', 'music', 'poem', 'ye', 'graduation']"
D283,"['balenziaga', 'vs', 'ye', 'reactions', 'https', 'co', 'r5nvgv76w2']"
D284,"['balenziaga', 'vs', 'ye', 'reactions', 'https', 'co', 'i0ku3xwju5']"
D285,"['balenziaga', 'vs', 'ye', 'reactions', 'https', 'co', 'eymzfjz1mp']"
D286,"['warned', 'people', 'free', 'speech', 'judge', 'people', 'hastily', 'see', 'full', 'body', 'work', 'may', 'right', 'ye', 'temehu', 'bakra', 'radar', 'still', 'works', 'fine', 'fba', 'b1', 'panafrican', 'https', 'co', '1vkojut15v']"
D287,"['elonmusk', 'maybe', 'share', 'calling', 'hypocrisy', 'free', 'speech', 'lunatics', 'serious', 'memory', 'loss', 'worldcupfinal', 'freespeech', 'democratsaredestroyingamerica', 'elonmusk', 'ye', 'ye24', 'cancelculture', 'cancelbalenciaga', 'https', 'co', 'ivab18y5iy']"
D288,"['repkatcammack', 'refused', 'speak', 'cess', 'pool', 'neo', 'nazis', 'antisemitism', 'state', 'florida', 'calling', 'kanyewest', 'ye', 'independent', 'thinker', 'better', 'https', 'co', 'jufebb53ba', 'https', 'co', '8ptex867ou']"
D289,"['kat', 'cammack', 'refused', 'speak', 'cess', 'pool', 'neo', 'nazis', 'antisemitism', 'state', 'florida', 'calling', 'kanyewest', 'ye', 'independent', 'thinker', 'better', 'https', 'co', 'za97n1gx7u', 'https', 'co', '4biu2sesdr']"
D290,"['https', 'co', 'ahfyojmd43', 'streaming', 'rightnow', 'got', 'iuicarkansas', 'letstalktruth', 'weeks', 'topic', 'truth', 'gentrification', 'biblebelt', 'realjews', 'blacks', 'hispanics', 'nativeamericans', 'iuic', 'ye', 'kanyewest', 'yeezy', 'https', 'co', 'no645z1dzx']"
D291,"['interesting', 'song', 'would', 'look', 'amazing', 'ye', 'https', 'co', 'an8zyh9j6s']"
D292,"['michaelr8derz', 'recklesslyaque1', 'kanyewest', 'ye', 'trust']"
D293,"['prophets', 'new', 'orleans', 'traveled', 'shreveport', 'past', 'sabbath', 'war', 'brethren', 'visit', 'website', 'https', 'co', 'dyx3qumchg', 'call', 'us', '855', '484', '4842', 'ext', '7015', 'godsarmy', '144k', 'saviors', 'kyrie', 'ye', 'itsup', 'iuic', 'israelites', 'https', 'co', '2o6b8o3gre']"
D294,"['prophets', 'new', 'orleans', 'traveled', 'shreveport', 'past', 'sabbath', 'war', 'brethren', 'visit', 'website', 'https', 'co', 'dyx3qumchg', 'call', 'us', '855', '484', '4842', 'ext', '7015', 'godsarmy', '144k', 'saviors', 'kyrie', 'ye', 'itsup', 'iuic', 'israelites', 'https', 'co', 'kqo9hr1ddm']"
D295,"['cause', 'ye', 'gon', 'live', 'everything', 'sucks', 'never', 'enough', 'told', 'em', 'ever', 'believe', 'nothin', 'ever', 'read', 'got', 'bible', 'bed', 'oh', 'yes', 'christian', 'ye24', 'jesusisking', 'ye', 'messiìÉµ', 'kanyewest', 'https', 'co', 'tqfdbjdhth']"
D296,"['lorafrimanee', 'yall', 'actin', 'like', 'wasnt', 'greatest', 'thing', 'ever', 'ye', 'https', 'co', 'pzxhlwkfyy']"
D297,"['american', 'capitalism', 'america', 'kanyewest', 'fyp', 'ye', 'capitalism', 'social', 'https', 'co', 'qmo2oy8wjz', 'via', 'youtube']"
D298,"['already', 'dead', 'previewed', 'juice', 'juicewrld', 'juicewrld999', 'juicewrldsnippet', 'juicewrldfanpage', 'juice', 'juicewrldedits', 'lljw', 'lljw', 'lljw', 'lilpeep', 'liluzivert', 'trippieredd', 'liluzi', 'playboicarti', 'macmiller', 'lilbibby', 'gherbo', 'gradea', 'interscoperecords', 'ye', 'goat', 'rap', 'https', 'co', 'anuhascz09']"
D299,"['april', '21st', '2019', 'ye', 'fka', 'kanyewest', 'gathered', '50', '000', 'people', 'mound', 'grass', 'worship', 'jesus', 'christ', 'amp', 'glory', 'underrated', 'tour', 'career', 'literally', '50', '000', 'people', 'church', 'easter', 'sunday', 'days', 'partying', 'praise', 'jesus', 'ye24', 'ye', 'https', 'co', 'zrrnhdsdpr']"
